id	work_id	kind	source_page_url	source_media_url	local_path	derivative_path	width	height	mime_type	bytes	sha256	credit	rights_status	archive_status	failure_reason
img-daito-manabe--riot-please-a-ha--2004--001	daito-manabe--riot-please-a-ha--2004	installation_view	https://daito.ws/en/archive/riot-please/	https://daito.ws/assets/archive-media/riot-please/01-1b09131158-display.webp?v=40cac823db	02_images/originals/daito-manabe--riot-please-a-ha--2004/001.webp	02_images/derivatives/daito-manabe--riot-please-a-ha--2004/001.webp	615	500	image/webp	34834	40cac823db7e6bd4ebbd0acb91ee1fc20a3ac10e092bcd68a84c5f9cc828aaca	Studio Daito Manabe archive; photographer not stated	needs_review	downloaded	
img-daito-manabe--electric-stimulus-to-face--2008--001	daito-manabe--electric-stimulus-to-face--2008	performance_view	https://daito.ws/en/archive/electricstimulustoface/	https://daito.ws/assets/archive-media/electricstimulustoface/electricstimulusto-face-1-1cb85cd35f-display.webp?v=5950cd2a21	02_images/originals/daito-manabe--electric-stimulus-to-face--2008/001.webp	02_images/derivatives/daito-manabe--electric-stimulus-to-face--2008/001.webp	1200	630	image/webp	34386	5950cd2a21ea7b701e4298f7e481a80bdd39806e27c43d375f7be1a91cf42242	Studio Daito Manabe archive; photographer not stated	needs_review	downloaded	
img-daito-manabe--scorelight--2009--001	daito-manabe--scorelight--2009	audience_interaction	https://daito.ws/en/archive/scorelight/	https://daito.ws/assets/archive-media/scorelight/01-83935a7d60-display.webp?v=80fa6bb129	02_images/originals/daito-manabe--scorelight--2009/001.webp	02_images/derivatives/daito-manabe--scorelight--2009/001.webp	600	450	image/webp	19948	80fa6bb1298767f2a0617487ce87b0809d67aacb81905855999a023320cf4b03	Studio Daito Manabe archive; photographer not stated	needs_review	downloaded	
img-daito-manabe--particles--2011--001	daito-manabe--particles--2011	installation_view	https://daito.ws/en/archive/particles/	https://daito.ws/assets/archive-media/particles/01-fde28ff461-display.webp?v=0f28148622	02_images/originals/daito-manabe--particles--2011/001.webp	02_images/derivatives/daito-manabe--particles--2011/001.webp	1000	667	image/webp	37654	0f28148622c332d862467e788adb078311b76355563eed0072bf66a68850ba05	Studio Daito Manabe archive; photographer not stated	needs_review	downloaded	
img-daito-manabe--perfume-global-site-project--2012--001	daito-manabe--perfume-global-site-project--2012	documentation	https://daito.ws/en/archive/perfume_globalsite/	https://daito.ws/assets/archive-media/perfume_globalsite/01-650cc9d507-display.webp?v=4eced5aa39	02_images/originals/daito-manabe--perfume-global-site-project--2012/001.webp	02_images/derivatives/daito-manabe--perfume-global-site-project--2012/001.webp	1600	945	image/webp	93910	4eced5aa390666afcb24e705b692ca60023e875f7ce81079e297abb67dce1673	Studio Daito Manabe archive; source project credits retained on page	needs_review	downloaded	
img-daito-manabe--fencing-tracking-and-visualization-system--2012--001	daito-manabe--fencing-tracking-and-visualization-system--2012	operating	https://daito.ws/projects/selected-works/fencing-tracking/en/	https://daito.ws/projects/selected-works/fencing-tracking/assets/hero-fencing-01.webp	02_images/originals/daito-manabe--fencing-tracking-and-visualization-system--2012/001.webp	02_images/derivatives/daito-manabe--fencing-tracking-and-visualization-system--2012/001.webp	1920	1080	image/webp	75946	f6c4fc37cdf65cf7dc6bc079acf13edd082b5f977a1e986ab34e8848f7cc4f68	Rhizomatiks Research / Studio Daito Manabe; photographer not stated	needs_review	downloaded	
img-daito-manabe--sensing-streams--2014--001	daito-manabe--sensing-streams--2014	installation_view	https://daito.ws/en/archive/sensing-streams/	https://daito.ws/assets/archive-media/sensing-streams/sensingstreams2022-v2.00_00_08_19.Still004-ff8b877bed-display.webp?v=377d16debf	02_images/originals/daito-manabe--sensing-streams--2014/001.webp	02_images/derivatives/daito-manabe--sensing-streams--2014/001.webp	1200	630	image/webp	19618	377d16debf5252756d1c4711b8dcc9022a1f376bec39c758d7a23ff9f522ecf1	Studio Daito Manabe archive; video still, photographer not stated	needs_review	downloaded	
img-daito-manabe--24-drones--2015--001	daito-manabe--24-drones--2015	performance_view	https://daito.ws/en/archive/elevenplay-rhizomatiks-research-3-dancers-and-24-drones/	https://daito.ws/assets/archive-media/elevenplay-rhizomatiks-research-3-dancers-and-24-drones/bg-00.webp?v=71f0849f2c	02_images/originals/daito-manabe--24-drones--2015/001.webp	02_images/derivatives/daito-manabe--24-drones--2015/001.webp	1888	1062	image/webp	52930	71f0849f2c97b8c54bc9c08589f4cb43fc5fb58f797cf3a9ec0f4d8cbd836309	ELEVENPLAY × Rhizomatiks Research; photographer not stated	needs_review	downloaded	
img-daito-manabe--bjork-quicksand-digital-livestreaming--2016--001	daito-manabe--bjork-quicksand-digital-livestreaming--2016	performance_view	https://daito.ws/en/archive/bjork-making-of-bjork-digital-livestreaming/	https://daito.ws/assets/archive-media/bjork-making-of-bjork-digital-livestreaming/Bjork.mainimage-1286a31518-display.webp?v=7b47bd62f0	02_images/originals/daito-manabe--bjork-quicksand-digital-livestreaming--2016/001.webp	02_images/derivatives/daito-manabe--bjork-quicksand-digital-livestreaming--2016/001.webp	580	290	image/webp	41572	7b47bd62f0e56868e8af480554d1d49463f8292dbeca7462b9b3d50a1bb68cb8	Studio Daito Manabe archive; related gallery images credit Santiago Felipe, hero credit not explicit	needs_review	downloaded	
img-daito-manabe--light-field-theater--2018--001	daito-manabe--light-field-theater--2018	installation_view	https://daito.ws/en/archive/light-field-theater/	https://daito.ws/assets/archive-media/light-field-theater/Light-Field-Theate-2018-6d30dabab8-display.webp?v=48808e0994	02_images/originals/daito-manabe--light-field-theater--2018/001.webp	02_images/derivatives/daito-manabe--light-field-theater--2018/001.webp	580	387	image/webp	5286	48808e099475366cca71d6d875c673947126dc371bf18a4d9e6317131b840a12	Photo © Hanayuki Higashi	needs_review	downloaded	
img-daito-manabe--discrete-figures--2018--001	daito-manabe--discrete-figures--2018	performance_view	https://daito.ws/en/archive/discrete-figures/	https://daito.ws/assets/archive-media/discrete-figures/3_discrete-figures_osaka-2048x1366-e8f6141eed-display.webp?v=7ead0cbe25	02_images/originals/daito-manabe--discrete-figures--2018/001.webp	02_images/derivatives/daito-manabe--discrete-figures--2018/001.webp	1600	1067	image/webp	78168	7ead0cbe259b6d9e32c318b081ce38653c9334d653ac63fac87fbf243b7f951f	Rhizomatiks × ELEVENPLAY; photographer not stated on hero asset	needs_review	downloaded	
img-daito-manabe--dissonant-imaginary--2018--001	daito-manabe--dissonant-imaginary--2018	data_visualization	https://daito.ws/en/archive/dissonant-imaginary/	https://daito.ws/assets/archive-media/dissonant-imaginary/daitos_braindata-05b8a00dd1-display.webp?v=b53913358f	02_images/originals/daito-manabe--dissonant-imaginary--2018/001.webp	02_images/derivatives/daito-manabe--dissonant-imaginary--2018/001.webp	1111	1111	image/webp	49880	b53913358fcdced741e1f6a44a9cf10a13356f6401300c06f76e20e0d6e76c34	Studio Daito Manabe archive; brain-data visualization	needs_review	downloaded	
img-daito-manabe--morphecore--2018--001	daito-manabe--morphecore--2018	documentation	https://daito.ws/en/archive/morphecore/	https://daito.ws/assets/archive-media/morphecore/morphechore_4-a830998221-display.webp?v=8f6365bfa2	02_images/originals/daito-manabe--morphecore--2018/001.webp	02_images/derivatives/daito-manabe--morphecore--2018/001.webp	1600	902	image/webp	424358	8f6365bfa29605b276c0a33f9adcc517b53b422733431f87fa22e4e44daa51ba	Daito Manabe + Shingo Oono + MIKIKO	needs_review	downloaded	
img-daito-manabe--terminal-slam--2020--001	daito-manabe--terminal-slam--2020	video_cover	https://daito.ws/projects/selected-works/terminal-slam/en/	https://daito.ws/projects/selected-works/terminal-slam/assets/hero-rhizomatiks-en.webp	02_images/originals/daito-manabe--terminal-slam--2020/001.webp	02_images/derivatives/daito-manabe--terminal-slam--2020/001.webp	1200	630	image/webp	179872	ce531e199ecc7daa5c5818c32a33a4ff79758f35b450ab9ab84334316159c3bf	Squarepusher / Warp Records; Rhizomatiks work record	needs_review	downloaded	
img-daito-manabe--tokyo-2020-2021--2021--001	daito-manabe--tokyo-2020-2021--2021	installation_view	https://daito.ws/projects/selected-works/tokyo2020-2021/en/	https://daito.ws/projects/selected-works/tokyo2020-2021/assets/pavilion-tokyo-01.webp	02_images/originals/daito-manabe--tokyo-2020-2021--2021/001.webp	02_images/derivatives/daito-manabe--tokyo-2020-2021--2021/001.webp	1600	1067	image/webp	168286	5d7b88f4affee1581412c55055801d663b524ef25e071da7c85212142cbb4f8a	Photo: Muryo Homma (Rhizomatiks)	needs_review	downloaded	
img-daito-manabe--border-2021--2021--001	daito-manabe--border-2021--2021	performance_view	https://daito.ws/en/archive/border-2021/	https://daito.ws/assets/archive-media/border-2021/L1390088-91f3624dd0-display.webp?v=13e106bb7b	02_images/originals/daito-manabe--border-2021--2021/001.webp	02_images/derivatives/daito-manabe--border-2021--2021/001.webp	1600	1066	image/webp	167762	13e106bb7b24fc9fe790814f629c798c37d00b535eee529f3019c9c0bbb41135	Photo: Hiroko Hirota	needs_review	downloaded	
img-daito-manabe--generative-mv--2023--001	daito-manabe--generative-mv--2023	installation_view	https://daito.ws/projects/selected-works/generative-mv/en/	https://daito.ws/projects/selected-works/generative-mv/assets/icc-hero.webp	02_images/originals/daito-manabe--generative-mv--2023/001.webp	02_images/derivatives/daito-manabe--generative-mv--2023/001.webp	1013	675	image/webp	33246	4c00d1b81b5e2476c369ce61284ce20c4ebf44b7969fac3ef0f5f4140f2ceb8f	NTT InterCommunication Center [ICC] archive; photographer not stated	needs_review	downloaded	
img-daito-manabe--transformirror--2023--001	daito-manabe--transformirror--2023	audience_interaction	https://daito.ws/projects/selected-works/transformirror/en/	https://daito.ws/projects/selected-works/transformirror/assets/transformirror-w-osaka-installation.webp	02_images/originals/daito-manabe--transformirror--2023/001.webp	02_images/derivatives/daito-manabe--transformirror--2023/001.webp	1600	1068	image/webp	115800	56cf5903931bb60152a25ee38f86888170f00eb86c55fc0d3f0ed77778b68f0b	Transformirror at W Osaka; Studio Daito Manabe archive, photographer not stated	needs_review	downloaded	
img-daito-manabe--continuum-resonance--2024--001	daito-manabe--continuum-resonance--2024	installation_view	https://daito.ws/projects/selected-works/continuum-resonance/en/	https://daito.ws/projects/selected-works/continuum-resonance/assets/en/hero-1600.webp	02_images/originals/daito-manabe--continuum-resonance--2024/001.webp	02_images/derivatives/daito-manabe--continuum-resonance--2024/001.webp	1600	900	image/webp	293454	6940a2c3c2a892f2645974d7b603cf7b2a1c4e384d4622f5bd7fde0a4b5f8570	Photo: Muryo Homma (Rhizomatiks)	needs_review	downloaded	
img-daito-manabe--phase-forms--2025--001	daito-manabe--phase-forms--2025	performance_view	https://daito.ws/en/archive/daito-manabe-phase-forms2025/	https://daito.ws/assets/archive-media/daito-manabe-phase-forms2025/0D_WLeBA-830c7dca81-display.webp?v=251aabbd87	02_images/originals/daito-manabe--phase-forms--2025/001.webp	02_images/derivatives/daito-manabe--phase-forms--2025/001.webp	1600	1067	image/webp	442754	251aabbd87662201a39145a0013635ceae29a1560c87be27462c41a5d60060f6	Photo: Sónar / Leafhopper, Juan Sabatino, Nerea Coll	needs_review	downloaded	
img-daito-manabe--brain-processing-unit--2025--001	daito-manabe--brain-processing-unit--2025	installation_view	https://daito.ws/projects/brain-processing-unit/en/	https://daito.ws/projects/selected-works/brain-processing-unit/assets/en/hero-1.jpg	02_images/originals/daito-manabe--brain-processing-unit--2025/001.jpg	02_images/derivatives/daito-manabe--brain-processing-unit--2025/001.jpg	1600	1066	image/jpeg	338197	b488bf397a0342d82fd976ede7dd40b454a567e61bb9544320cce082b0be82c5	SoftBank × Daito Manabe × The University of Tokyo; documentary photography credit listed on source page	needs_review	downloaded	
